cbsa_category,cbsa_code,cbsa_name,CBSA Regional Components (with component FIPS codes)
Metropolitan Area,10180,"Abilene, TX","Callahan County, TX (48059); Jones County, TX (48253); Taylor County, TX (48441)"
Metropolitan Area,10380,"Aguadilla-Isabela-San Sebasti�n, PR","Aguada Municipio, PR (72003); Aguadilla Municipio, PR (72005); A�asco Municipio, PR (72011); Isabela Municipio, PR (72071); Lares Municipio, PR (72081); Moca Municipio, PR (72099); Rinc�n Municipio, PR (72117); San Sebasti�n Municipio, PR (72131)"
Metropolitan Area,10420,"Akron, OH","Portage County, OH (39133); Summit County, OH (39153)"
Metropolitan Area,10500,"Albany, GA","Baker County, GA (13007); Dougherty County, GA (13095); Lee County, GA (13177); Terrell County, GA (13273); Worth County, GA (13321)"
Metropolitan Area,10580,"Albany-Schenectady-Troy, NY","Albany County, NY (36001); Rensselaer County, NY (36083); Saratoga County, NY (36091); Schenectady County, NY (36093); Schoharie County, NY (36095)"
Metropolitan Area,10740,"Albuquerque, NM","Bernalillo County, NM (35001); Sandoval County, NM (35043); Torrance County, NM (35057); Valencia County, NM (35061)"
Metropolitan Area,10780,"Alexandria, LA","Grant Parish, LA (22043); Rapides Parish, LA (22079)"
Metropolitan Area,10900,"Allentown-Bethlehem-Easton, PA-NJ","Warren County, NJ (34041); Carbon County, PA (42025); Lehigh County, PA (42077); Northampton County, PA (42095)"
Metropolitan Area,11020,"Altoona, PA","Blair County, PA (42013)"
Metropolitan Area,11100,"Amarillo, TX","Armstrong County, TX (48011); Carson County, TX (48065); Potter County, TX (48375); Randall County, TX (48381)"
Metropolitan Area,11180,"Ames, IA","Story County, IA (19169)"
Metropolitan Area,11260,"Anchorage, AK","Anchorage Municipality, AK (02020); Matanuska-Susitna Borough, AK (02170)"
Metropolitan Area,11300,"Anderson, IN","Madison County, IN (18095)"
Metropolitan Area,11340,"Anderson, SC","Anderson County, SC (45007)"
Metropolitan Area,11460,"Ann Arbor, MI","Washtenaw County, MI (26161)"
Metropolitan Area,11500,"Anniston-Oxford, AL","Calhoun County, AL (01015)"
Metropolitan Area,11540,"Appleton, WI","Calumet County, WI (55015); Outagamie County, WI (55087)"
Metropolitan Area,11700,"Asheville, NC","Buncombe County, NC (37021); Haywood County, NC (37087); Henderson County, NC (37089); Madison County, NC (37115)"
Metropolitan Area,12020,"Athens-Clarke County, GA","Clarke County, GA (13059); Madison County, GA (13195); Oconee County, GA (13219); Oglethorpe County, GA (13221)"
Metropolitan Area,12060,"Atlanta-Sandy Springs-Marietta, GA","Barrow County, GA (13013); Bartow County, GA (13015); Butts County, GA (13035); Carroll County, GA (13045); Cherokee County, GA (13057); Clayton County, GA (13063); Cobb County, GA (13067); Coweta County, GA (13077); Dawson County, GA (13085); DeKalb County, GA (13089); Douglas County, GA (13097); Fayette County, GA (13113); Forsyth County, GA (13117); Fulton County, GA (13121); Gwinnett County, GA (13135); Haralson County, GA (13143); Heard County, GA (13149); Henry County, GA (13151); Jasper County, GA (13159); Lamar County, GA (13171); Meriwether County, GA (13199); Newton County, GA (13217); Paulding County, GA (13223); Pickens County, GA (13227); Pike County, GA (13231); Rockdale County, GA (13247); Spalding County, GA (13255); Walton County, GA (13297)"
Metropolitan Area,12100,"Atlantic City-Hammonton, NJ","Atlantic County, NJ (34001)"
Metropolitan Area,12220,"Auburn-Opelika, AL","Lee County, AL (01081)"
Metropolitan Area,12260,"Augusta-Richmond County, GA-SC","Burke County, GA (13033); Columbia County, GA (13073); McDuffie County, GA (13189); Richmond County, GA (13245); Aiken County, SC (45003); Edgefield County, SC (45037)"
Metropolitan Area,12420,"Austin-Round Rock-San Marcos, TX","Bastrop County, TX (48021); Caldwell County, TX (48055); Hays County, TX (48209); Travis County, TX (48453); Williamson County, TX (48491)"
Metropolitan Area,12540,"Bakersfield-Delano, CA","Kern County, CA (06029)"
Metropolitan Area,12580,"Baltimore-Towson, MD","Anne Arundel County, MD (24003); Baltimore County, MD (24005); Carroll County, MD (24013); Harford County, MD (24025); Howard County, MD (24027); Queen Anne's County, MD (24035); Baltimore city, MD (24510)"
Metropolitan Area,12620,"Bangor, ME","Penobscot County, ME (23019)"
Metropolitan Area,12700,"Barnstable Town, MA","Barnstable County, MA (25001)"
Metropolitan Area,12940,"Baton Rouge, LA","Ascension Parish, LA (22005); East Baton Rouge Parish, LA (22033); East Feliciana Parish, LA (22037); Iberville Parish, LA (22047); Livingston Parish, LA (22063); Pointe Coupee Parish, LA (22077); St. Helena Parish, LA (22091); West Baton Rouge Parish, LA (22121); West Feliciana Parish, LA (22125)"
Metropolitan Area,12980,"Battle Creek, MI","Calhoun County, MI (26025)"
Metropolitan Area,13020,"Bay City, MI","Bay County, MI (26017)"
Metropolitan Area,13140,"Beaumont-Port Arthur, TX","Hardin County, TX (48199); Jefferson County, TX (48245); Orange County, TX (48361)"
Metropolitan Area,13380,"Bellingham, WA","Whatcom County, WA (53073)"
Metropolitan Area,13460,"Bend, OR","Deschutes County, OR (41017)"
Metropolitan Area,13740,"Billings, MT","Carbon County, MT (30009); Yellowstone County, MT (30111)"
Metropolitan Area,13780,"Binghamton, NY","Broome County, NY (36007); Tioga County, NY (36107)"
Metropolitan Area,13820,"Birmingham-Hoover, AL","Bibb County, AL (01007); Blount County, AL (01009); Chilton County, AL (01021); Jefferson County, AL (01073); St. Clair County, AL (01115); Shelby County, AL (01117); Walker County, AL (01127)"
Metropolitan Area,13900,"Bismarck, ND","Burleigh County, ND (38015); Morton County, ND (38059)"
Metropolitan Area,13980,"Blacksburg-Christiansburg-Radford, VA","Giles County, VA (51071); Montgomery County, VA (51121); Pulaski County, VA (51155); Radford city, VA (51750)"
Metropolitan Area,14020,"Bloomington, IN","Greene County, IN (18055); Monroe County, IN (18105); Owen County, IN (18119)"
Metropolitan Area,14060,"Bloomington-Normal, IL","McLean County, IL (17113)"
Metropolitan Area,14260,"Boise City-Nampa, ID","Ada County, ID (16001); Boise County, ID (16015); Canyon County, ID (16027); Gem County, ID (16045); Owyhee County, ID (16073)"
Metropolitan Area,14460,"Boston-Cambridge-Quincy, MA-NH","Essex County, MA (25009); Middlesex County, MA (25017); Norfolk County, MA (25021); Plymouth County, MA (25023); Suffolk County, MA (25025); Rockingham County, NH (33015); Strafford County, NH (33017)"
Metropolitan Area,14500,"Boulder, CO","Boulder County, CO (08013)"
Metropolitan Area,14540,"Bowling Green, KY","Edmonson County, KY (21061); Warren County, KY (21227)"
Metropolitan Area,14740,"Bremerton-Silverdale, WA","Kitsap County, WA (53035)"
Metropolitan Area,14860,"Bridgeport-Stamford-Norwalk, CT","Fairfield County, CT (09001)"
Metropolitan Area,15180,"Brownsville-Harlingen, TX","Cameron County, TX (48061)"
Metropolitan Area,15260,"Brunswick, GA","Brantley County, GA (13025); Glynn County, GA (13127); McIntosh County, GA (13191)"
Metropolitan Area,15380,"Buffalo-Niagara Falls, NY","Erie County, NY (36029); Niagara County, NY (36063)"
Metropolitan Area,15500,"Burlington, NC","Alamance County, NC (37001)"
Metropolitan Area,15540,"Burlington-South Burlington, VT","Chittenden County, VT (50007); Franklin County, VT (50011); Grand Isle County, VT (50013)"
Metropolitan Area,15940,"Canton-Massillon, OH","Carroll County, OH (39019); Stark County, OH (39151)"
Metropolitan Area,15980,"Cape Coral-Fort Myers, FL","Lee County, FL (12071)"
Metropolitan Area,16020,"Cape Girardeau-Jackson, MO-IL","Alexander County, IL (17003); Bollinger County, MO (29017); Cape Girardeau County, MO (29031)"
Metropolitan Area,16180,"Carson City, NV","Carson City, NV (32510)"
Metropolitan Area,16220,"Casper, WY","Natrona County, WY (56025)"
Metropolitan Area,16300,"Cedar Rapids, IA","Benton County, IA (19011); Jones County, IA (19105); Linn County, IA (19113)"
Metropolitan Area,16580,"Champaign-Urbana, IL","Champaign County, IL (17019); Ford County, IL (17053); Piatt County, IL (17147)"
Metropolitan Area,16620,"Charleston, WV","Boone County, WV (54005); Clay County, WV (54015); Kanawha County, WV (54039); Lincoln County, WV (54043); Putnam County, WV (54079)"
Metropolitan Area,16700,"Charleston-North Charleston-Summerville, SC","Berkeley County, SC (45015); Charleston County, SC (45019); Dorchester County, SC (45035)"
Metropolitan Area,16740,"Charlotte-Gastonia-Rock Hill, NC-SC","Anson County, NC (37007); Cabarrus County, NC (37025); Gaston County, NC (37071); Mecklenburg County, NC (37119); Union County, NC (37179); York County, SC (45091)"
Metropolitan Area,16820,"Charlottesville, VA","Albemarle County, VA (51003); Fluvanna County, VA (51065); Greene County, VA (51079); Nelson County, VA (51125); Charlottesville city, VA (51540)"
Metropolitan Area,16860,"Chattanooga, TN-GA","Catoosa County, GA (13047); Dade County, GA (13083); Walker County, GA (13295); Hamilton County, TN (47065); Marion County, TN (47115); Sequatchie County, TN (47153)"
Metropolitan Area,16940,"Cheyenne, WY","Laramie County, WY (56021)"
Metropolitan Area,16980,"Chicago-Joliet-Naperville, IL-IN-WI","Cook County, IL (17031); DeKalb County, IL (17037); DuPage County, IL (17043); Grundy County, IL (17063); Kane County, IL (17089); Kendall County, IL (17093); Lake County, IL (17097); McHenry County, IL (17111); Will County, IL (17197); Jasper County, IN (18073); Lake County, IN (18089); Newton County, IN (18111); Porter County, IN (18127); Kenosha County, WI (55059)"
Metropolitan Area,17020,"Chico, CA","Butte County, CA (06007)"
Metropolitan Area,17140,"Cincinnati-Middletown, OH-KY-IN","Dearborn County, IN (18029); Franklin County, IN (18047); Ohio County, IN (18115); Boone County, KY (21015); Bracken County, KY (21023); Campbell County, KY (21037); Gallatin County, KY (21077); Grant County, KY (21081); Kenton County, KY (21117); Pendleton County, KY (21191); Brown County, OH (39015); Butler County, OH (39017); Clermont County, OH (39025); Hamilton County, OH (39061); Warren County, OH (39165)"
Metropolitan Area,17300,"Clarksville, TN-KY","Christian County, KY (21047); Trigg County, KY (21221); Montgomery County, TN (47125); Stewart County, TN (47161)"
Metropolitan Area,17420,"Cleveland, TN","Bradley County, TN (47011); Polk County, TN (47139)"
Metropolitan Area,17460,"Cleveland-Elyria-Mentor, OH","Cuyahoga County, OH (39035); Geauga County, OH (39055); Lake County, OH (39085); Lorain County, OH (39093); Medina County, OH (39103)"
Metropolitan Area,17660,"Coeur d'Alene, ID","Kootenai County, ID (16055)"
Metropolitan Area,17780,"College Station-Bryan, TX","Brazos County, TX (48041); Burleson County, TX (48051); Robertson County, TX (48395)"
Metropolitan Area,17820,"Colorado Springs, CO","El Paso County, CO (08041); Teller County, CO (08119)"
Metropolitan Area,17860,"Columbia, MO","Boone County, MO (29019); Howard County, MO (29089)"
Metropolitan Area,17900,"Columbia, SC","Calhoun County, SC (45017); Fairfield County, SC (45039); Kershaw County, SC (45055); Lexington County, SC (45063); Richland County, SC (45079); Saluda County, SC (45081)"
Metropolitan Area,17980,"Columbus, GA-AL","Russell County, AL (01113); Chattahoochee County, GA (13053); Harris County, GA (13145); Marion County, GA (13197); Muscogee County, GA (13215)"
Metropolitan Area,18020,"Columbus, IN","Bartholomew County, IN (18005)"
Metropolitan Area,18140,"Columbus, OH","Delaware County, OH (39041); Fairfield County, OH (39045); Franklin County, OH (39049); Licking County, OH (39089); Madison County, OH (39097); Morrow County, OH (39117); Pickaway County, OH (39129); Union County, OH (39159)"
Metropolitan Area,18580,"Corpus Christi, TX","Aransas County, TX (48007); Nueces County, TX (48355); San Patricio County, TX (48409)"
Metropolitan Area,18700,"Corvallis, OR","Benton County, OR (41003)"
Metropolitan Area,18880,"Crestview-Fort Walton Beach-Destin, FL","Okaloosa County, FL (12091)"
Metropolitan Area,19060,"Cumberland, MD-WV","Allegany County, MD (24001); Mineral County, WV (54057)"
Metropolitan Area,19100,"Dallas-Fort Worth-Arlington, TX","Collin County, TX (48085); Dallas County, TX (48113); Delta County, TX (48119); Denton County, TX (48121); Ellis County, TX (48139); Hunt County, TX (48231); Johnson County, TX (48251); Kaufman County, TX (48257); Parker County, TX (48367); Rockwall County, TX (48397); Tarrant County, TX (48439); Wise County, TX (48497)"
Metropolitan Area,19140,"Dalton, GA","Murray County, GA (13213); Whitfield County, GA (13313)"
Metropolitan Area,19180,"Danville, IL","Vermilion County, IL (17183)"
Metropolitan Area,19260,"Danville, VA","Pittsylvania County, VA (51143); Danville city, VA (51590)"
Metropolitan Area,19340,"Davenport-Moline-Rock Island, IA-IL","Henry County, IL (17073); Mercer County, IL (17131); Rock Island County, IL (17161); Scott County, IA (19163)"
Metropolitan Area,19380,"Dayton, OH","Greene County, OH (39057); Miami County, OH (39109); Montgomery County, OH (39113); Preble County, OH (39135)"
Metropolitan Area,19460,"Decatur, AL","Lawrence County, AL (01079); Morgan County, AL (01103)"
Metropolitan Area,19500,"Decatur, IL","Macon County, IL (17115)"
Metropolitan Area,19660,"Deltona-Daytona Beach-Ormond Beach, FL","Volusia County, FL (12127)"
Metropolitan Area,19740,"Denver-Aurora-Broomfield, CO","Adams County, CO (08001); Arapahoe County, CO (08005); Broomfield County, CO (08014); Clear Creek County, CO (08019); Denver County, CO (08031); Douglas County, CO (08035); Elbert County, CO (08039); Gilpin County, CO (08047); Jefferson County, CO (08059); Park County, CO (08093)"
Metropolitan Area,19780,"Des Moines-West Des Moines, IA","Dallas County, IA (19049); Guthrie County, IA (19077); Madison County, IA (19121); Polk County, IA (19153); Warren County, IA (19181)"
Metropolitan Area,19820,"Detroit-Warren-Livonia, MI","Lapeer County, MI (26087); Livingston County, MI (26093); Macomb County, MI (26099); Oakland County, MI (26125); St. Clair County, MI (26147); Wayne County, MI (26163)"
Metropolitan Area,20020,"Dothan, AL","Geneva County, AL (01061); Henry County, AL (01067); Houston County, AL (01069)"
Metropolitan Area,20100,"Dover, DE","Kent County, DE (10001)"
Metropolitan Area,20220,"Dubuque, IA","Dubuque County, IA (19061)"
Metropolitan Area,20260,"Duluth, MN-WI","Carlton County, MN (27017); St. Louis County, MN (27137); Douglas County, WI (55031)"
Metropolitan Area,20500,"Durham-Chapel Hill, NC","Chatham County, NC (37037); Durham County, NC (37063); Orange County, NC (37135); Person County, NC (37145)"
Metropolitan Area,20740,"Eau Claire, WI","Chippewa County, WI (55017); Eau Claire County, WI (55035)"
Metropolitan Area,20940,"El Centro, CA","Imperial County, CA (06025)"
Metropolitan Area,21060,"Elizabethtown, KY","Hardin County, KY (21093); Larue County, KY (21123)"
Metropolitan Area,21140,"Elkhart-Goshen, IN","Elkhart County, IN (18039)"
Metropolitan Area,21300,"Elmira, NY","Chemung County, NY (36015)"
Metropolitan Area,21340,"El Paso, TX","El Paso County, TX (48141)"
Metropolitan Area,21500,"Erie, PA","Erie County, PA (42049)"
Metropolitan Area,21660,"Eugene-Springfield, OR","Lane County, OR (41039)"
Metropolitan Area,21780,"Evansville, IN-KY","Gibson County, IN (18051); Posey County, IN (18129); Vanderburgh County, IN (18163); Warrick County, IN (18173); Henderson County, KY (21101); Webster County, KY (21233)"
Metropolitan Area,21820,"Fairbanks, AK","Fairbanks North Star Borough, AK (02090)"
Metropolitan Area,21940,"Fajardo, PR","Ceiba Municipio, PR (72037); Fajardo Municipio, PR (72053); Luquillo Municipio, PR (72089)"
Metropolitan Area,22020,"Fargo, ND-MN","Clay County, MN (27027); Cass County, ND (38017)"
Metropolitan Area,22140,"Farmington, NM","San Juan County, NM (35045)"
Metropolitan Area,22180,"Fayetteville, NC","Cumberland County, NC (37051); Hoke County, NC (37093)"
Metropolitan Area,22220,"Fayetteville-Springdale-Rogers, AR-MO","Benton County, AR (05007); Madison County, AR (05087); Washington County, AR (05143); McDonald County, MO (29119)"
Metropolitan Area,22380,"Flagstaff, AZ","Coconino County, AZ (04005)"
Metropolitan Area,22420,"Flint, MI","Genesee County, MI (26049)"
Metropolitan Area,22500,"Florence, SC","Darlington County, SC (45031); Florence County, SC (45041)"
Metropolitan Area,22520,"Florence-Muscle Shoals, AL","Colbert County, AL (01033); Lauderdale County, AL (01077)"
Metropolitan Area,22540,"Fond du Lac, WI","Fond du Lac County, WI (55039)"
Metropolitan Area,22660,"Fort Collins-Loveland, CO","Larimer County, CO (08069)"
Metropolitan Area,22900,"Fort Smith, AR-OK","Crawford County, AR (05033); Franklin County, AR (05047); Sebastian County, AR (05131); Le Flore County, OK (40079); Sequoyah County, OK (40135)"
Metropolitan Area,23060,"Fort Wayne, IN","Allen County, IN (18003); Wells County, IN (18179); Whitley County, IN (18183)"
Metropolitan Area,23420,"Fresno, CA","Fresno County, CA (06019)"
Metropolitan Area,23460,"Gadsden, AL","Etowah County, AL (01055)"
Metropolitan Area,23540,"Gainesville, FL","Alachua County, FL (12001); Gilchrist County, FL (12041)"
Metropolitan Area,23580,"Gainesville, GA","Hall County, GA (13139)"
Metropolitan Area,24020,"Glens Falls, NY","Warren County, NY (36113); Washington County, NY (36115)"
Metropolitan Area,24140,"Goldsboro, NC","Wayne County, NC (37191)"
Metropolitan Area,24220,"Grand Forks, ND-MN","Polk County, MN (27119); Grand Forks County, ND (38035)"
Metropolitan Area,24300,"Grand Junction, CO","Mesa County, CO (08077)"
Metropolitan Area,24340,"Grand Rapids-Wyoming, MI","Barry County, MI (26015); Ionia County, MI (26067); Kent County, MI (26081); Newaygo County, MI (26123)"
Metropolitan Area,24500,"Great Falls, MT","Cascade County, MT (30013)"
Metropolitan Area,24540,"Greeley, CO","Weld County, CO (08123)"
Metropolitan Area,24580,"Green Bay, WI","Brown County, WI (55009); Kewaunee County, WI (55061); Oconto County, WI (55083)"
Metropolitan Area,24660,"Greensboro-High Point, NC","Guilford County, NC (37081); Randolph County, NC (37151); Rockingham County, NC (37157)"
Metropolitan Area,24780,"Greenville, NC","Greene County, NC (37079); Pitt County, NC (37147)"
Metropolitan Area,24860,"Greenville-Mauldin-Easley, SC","Greenville County, SC (45045); Laurens County, SC (45059); Pickens County, SC (45077)"
Metropolitan Area,25020,"Guayama, PR","Arroyo Municipio, PR (72015); Guayama Municipio, PR (72057); Patillas Municipio, PR (72109)"
Metropolitan Area,25060,"Gulfport-Biloxi, MS","Hancock County, MS (28045); Harrison County, MS (28047); Stone County, MS (28131)"
Metropolitan Area,25180,"Hagerstown-Martinsburg, MD-WV","Washington County, MD (24043); Berkeley County, WV (54003); Morgan County, WV (54065)"
Metropolitan Area,25260,"Hanford-Corcoran, CA","Kings County, CA (06031)"
Metropolitan Area,25420,"Harrisburg-Carlisle, PA","Cumberland County, PA (42041); Dauphin County, PA (42043); Perry County, PA (42099)"
Metropolitan Area,25500,"Harrisonburg, VA","Rockingham County, VA (51165); Harrisonburg city, VA (51660)"
Metropolitan Area,25540,"Hartford-West Hartford-East Hartford, CT","Hartford County, CT (09003); Middlesex County, CT (09007); Tolland County, CT (09013)"
Metropolitan Area,25620,"Hattiesburg, MS","Forrest County, MS (28035); Lamar County, MS (28073); Perry County, MS (28111)"
Metropolitan Area,25860,"Hickory-Lenoir-Morganton, NC","Alexander County, NC (37003); Burke County, NC (37023); Caldwell County, NC (37027); Catawba County, NC (37035)"
Metropolitan Area,25980,"Hinesville-Fort Stewart, GA","Liberty County, GA (13179); Long County, GA (13183)"
Metropolitan Area,26100,"Holland-Grand Haven, MI","Ottawa County, MI (26139)"
Metropolitan Area,26180,"Honolulu, HI","Honolulu County, HI (15003)"
Metropolitan Area,26300,"Hot Springs, AR","Garland County, AR (05051)"
Metropolitan Area,26380,"Houma-Bayou Cane-Thibodaux, LA","Lafourche Parish, LA (22057); Terrebonne Parish, LA (22109)"
Metropolitan Area,26420,"Houston-Sugar Land-Baytown, TX","Austin County, TX (48015); Brazoria County, TX (48039); Chambers County, TX (48071); Fort Bend County, TX (48157); Galveston County, TX (48167); Harris County, TX (48201); Liberty County, TX (48291); Montgomery County, TX (48339); San Jacinto County, TX (48407); Waller County, TX (48473)"
Metropolitan Area,26580,"Huntington-Ashland, WV-KY-OH","Boyd County, KY (21019); Greenup County, KY (21089); Lawrence County, OH (39087); Cabell County, WV (54011); Wayne County, WV (54099)"
Metropolitan Area,26620,"Huntsville, AL","Limestone County, AL (01083); Madison County, AL (01089)"
Metropolitan Area,26820,"Idaho Falls, ID","Bonneville County, ID (16019); Jefferson County, ID (16051)"
Metropolitan Area,26900,"Indianapolis-Carmel, IN","Boone County, IN (18011); Brown County, IN (18013); Hamilton County, IN (18057); Hancock County, IN (18059); Hendricks County, IN (18063); Johnson County, IN (18081); Marion County, IN (18097); Morgan County, IN (18109); Putnam County, IN (18133); Shelby County, IN (18145)"
Metropolitan Area,26980,"Iowa City, IA","Johnson County, IA (19103); Washington County, IA (19183)"
Metropolitan Area,27060,"Ithaca, NY","Tompkins County, NY (36109)"
Metropolitan Area,27100,"Jackson, MI","Jackson County, MI (26075)"
Metropolitan Area,27140,"Jackson, MS","Copiah County, MS (28029); Hinds County, MS (28049); Madison County, MS (28089); Rankin County, MS (28121); Simpson County, MS (28127)"
Metropolitan Area,27180,"Jackson, TN","Chester County, TN (47023); Madison County, TN (47113)"
Metropolitan Area,27260,"Jacksonville, FL","Baker County, FL (12003); Clay County, FL (12019); Duval County, FL (12031); Nassau County, FL (12089); St. Johns County, FL (12109)"
Metropolitan Area,27340,"Jacksonville, NC","Onslow County, NC (37133)"
Metropolitan Area,27500,"Janesville, WI","Rock County, WI (55105)"
Metropolitan Area,27620,"Jefferson City, MO","Callaway County, MO (29027); Cole County, MO (29051); Moniteau County, MO (29135); Osage County, MO (29151)"
Metropolitan Area,27740,"Johnson City, TN","Carter County, TN (47019); Unicoi County, TN (47171); Washington County, TN (47179)"
Metropolitan Area,27780,"Johnstown, PA","Cambria County, PA (42021)"
Metropolitan Area,27860,"Jonesboro, AR","Craighead County, AR (05031); Poinsett County, AR (05111)"
Metropolitan Area,27900,"Joplin, MO","Jasper County, MO (29097); Newton County, MO (29145)"
Metropolitan Area,28020,"Kalamazoo-Portage, MI","Kalamazoo County, MI (26077); Van Buren County, MI (26159)"
Metropolitan Area,28100,"Kankakee-Bradley, IL","Kankakee County, IL (17091)"
Metropolitan Area,28140,"Kansas City, MO-KS","Franklin County, KS (20059); Johnson County, KS (20091); Leavenworth County, KS (20103); Linn County, KS (20107); Miami County, KS (20121); Wyandotte County, KS (20209); Bates County, MO (29013); Caldwell County, MO (29025); Cass County, MO (29037); Clay County, MO (29047); Clinton County, MO (29049); Jackson County, MO (29095); Lafayette County, MO (29107); Platte County, MO (29165); Ray County, MO (29177)"
Metropolitan Area,28420,"Kennewick-Pasco-Richland, WA","Benton County, WA (53005); Franklin County, WA (53021)"
Metropolitan Area,28660,"Killeen-Temple-Fort Hood, TX","Bell County, TX (48027); Coryell County, TX (48099); Lampasas County, TX (48281)"
Metropolitan Area,28700,"Kingsport-Bristol-Bristol, TN-VA","Hawkins County, TN (47073); Sullivan County, TN (47163); Scott County, VA (51169); Washington County, VA (51191); Bristol city, VA (51520)"
Metropolitan Area,28740,"Kingston, NY","Ulster County, NY (36111)"
Metropolitan Area,28940,"Knoxville, TN","Anderson County, TN (47001); Blount County, TN (47009); Knox County, TN (47093); Loudon County, TN (47105); Union County, TN (47173)"
Metropolitan Area,29020,"Kokomo, IN","Howard County, IN (18067); Tipton County, IN (18159)"
Metropolitan Area,29100,"La Crosse, WI-MN","Houston County, MN (27055); La Crosse County, WI (55063)"
Metropolitan Area,29140,"Lafayette, IN","Benton County, IN (18007); Carroll County, IN (18015); Tippecanoe County, IN (18157)"
Metropolitan Area,29180,"Lafayette, LA","Lafayette Parish, LA (22055); St. Martin Parish, LA (22099)"
Metropolitan Area,29340,"Lake Charles, LA","Calcasieu Parish, LA (22019); Cameron Parish, LA (22023)"
Metropolitan Area,29420,"Lake Havasu City-Kingman, AZ","Mohave County, AZ (04015)"
Metropolitan Area,29460,"Lakeland-Winter Haven, FL","Polk County, FL (12105)"
Metropolitan Area,29540,"Lancaster, PA","Lancaster County, PA (42071)"
Metropolitan Area,29620,"Lansing-East Lansing, MI","Clinton County, MI (26037); Eaton County, MI (26045); Ingham County, MI (26065)"
Metropolitan Area,29700,"Laredo, TX","Webb County, TX (48479)"
Metropolitan Area,29740,"Las Cruces, NM","Dona Ana County, NM (35013)"
Metropolitan Area,29820,"Las Vegas-Paradise, NV","Clark County, NV (32003)"
Metropolitan Area,29940,"Lawrence, KS","Douglas County, KS (20045)"
Metropolitan Area,30020,"Lawton, OK","Comanche County, OK (40031)"
Metropolitan Area,30140,"Lebanon, PA","Lebanon County, PA (42075)"
Metropolitan Area,30300,"Lewiston, ID-WA","Nez Perce County, ID (16069); Asotin County, WA (53003)"
Metropolitan Area,30340,"Lewiston-Auburn, ME","Androscoggin County, ME (23001)"
Metropolitan Area,30460,"Lexington-Fayette, KY","Bourbon County, KY (21017); Clark County, KY (21049); Fayette County, KY (21067); Jessamine County, KY (21113); Scott County, KY (21209); Woodford County, KY (21239)"
Metropolitan Area,30620,"Lima, OH","Allen County, OH (39003)"
Metropolitan Area,30700,"Lincoln, NE","Lancaster County, NE (31109); Seward County, NE (31159)"
Metropolitan Area,30780,"Little Rock-North Little Rock-Conway, AR","Faulkner County, AR (05045); Grant County, AR (05053); Lonoke County, AR (05085); Perry County, AR (05105); Pulaski County, AR (05119); Saline County, AR (05125)"
Metropolitan Area,30860,"Logan, UT-ID","Franklin County, ID (16041); Cache County, UT (49005)"
Metropolitan Area,30980,"Longview, TX","Gregg County, TX (48183); Rusk County, TX (48401); Upshur County, TX (48459)"
Metropolitan Area,31020,"Longview, WA","Cowlitz County, WA (53015)"
Metropolitan Area,31100,"Los Angeles-Long Beach-Santa Ana, CA","Los Angeles County, CA (06037); Orange County, CA (06059)"
Metropolitan Area,31140,"Louisville/Jefferson County, KY-IN","Clark County, IN (18019); Floyd County, IN (18043); Harrison County, IN (18061); Washington County, IN (18175); Bullitt County, KY (21029); Henry County, KY (21103); Jefferson County, KY (21111); Meade County, KY (21163); Nelson County, KY (21179); Oldham County, KY (21185); Shelby County, KY (21211); Spencer County, KY (21215); Trimble County, KY (21223)"
Metropolitan Area,31180,"Lubbock, TX","Crosby County, TX (48107); Lubbock County, TX (48303)"
Metropolitan Area,31340,"Lynchburg, VA","Amherst County, VA (51009); Appomattox County, VA (51011); Bedford County, VA (51019); Campbell County, VA (51031); Bedford city, VA (51515); Lynchburg city, VA (51680)"
Metropolitan Area,31420,"Macon, GA","Bibb County, GA (13021); Crawford County, GA (13079); Jones County, GA (13169); Monroe County, GA (13207); Twiggs County, GA (13289)"
Metropolitan Area,31460,"Madera-Chowchilla, CA","Madera County, CA (06039)"
Metropolitan Area,31540,"Madison, WI","Columbia County, WI (55021); Dane County, WI (55025); Iowa County, WI (55049)"
Metropolitan Area,31700,"Manchester-Nashua, NH","Hillsborough County, NH (33011)"
Metropolitan Area,31740,"Manhattan, KS","Geary County, KS (20061); Pottawatomie County, KS (20149); Riley County, KS (20161)"
Metropolitan Area,31860,"Mankato-North Mankato, MN","Blue Earth County, MN (27013); Nicollet County, MN (27103)"
Metropolitan Area,31900,"Mansfield, OH","Richland County, OH (39139)"
Metropolitan Area,32420,"Mayag�ez, PR","Hormigueros Municipio, PR (72067); Mayag�ez Municipio, PR (72097)"
Metropolitan Area,32580,"McAllen-Edinburg-Mission, TX","Hidalgo County, TX (48215)"
Metropolitan Area,32780,"Medford, OR","Jackson County, OR (41029)"
Metropolitan Area,32820,"Memphis, TN-MS-AR","Crittenden County, AR (05035); DeSoto County, MS (28033); Marshall County, MS (28093); Tate County, MS (28137); Tunica County, MS (28143); Fayette County, TN (47047); Shelby County, TN (47157); Tipton County, TN (47167)"
Metropolitan Area,32900,"Merced, CA","Merced County, CA (06047)"
Metropolitan Area,33100,"Miami-Fort Lauderdale-Pompano Beach, FL","Broward County, FL (12011); Miami-Dade County, FL (12086); Palm Beach County, FL (12099)"
Metropolitan Area,33140,"Michigan City-La Porte, IN","LaPorte County, IN (18091)"
Metropolitan Area,33260,"Midland, TX","Midland County, TX (48329)"
Metropolitan Area,33340,"Milwaukee-Waukesha-West Allis, WI","Milwaukee County, WI (55079); Ozaukee County, WI (55089); Washington County, WI (55131); Waukesha County, WI (55133)"
Metropolitan Area,33460,"Minneapolis-St. Paul-Bloomington, MN-WI","Anoka County, MN (27003); Carver County, MN (27019); Chisago County, MN (27025); Dakota County, MN (27037); Hennepin County, MN (27053); Isanti County, MN (27059); Ramsey County, MN (27123); Scott County, MN (27139); Sherburne County, MN (27141); Washington County, MN (27163); Wright County, MN (27171); Pierce County, WI (55093); St. Croix County, WI (55109)"
Metropolitan Area,33540,"Missoula, MT","Missoula County, MT (30063)"
Metropolitan Area,33660,"Mobile, AL","Mobile County, AL (01097)"
Metropolitan Area,33700,"Modesto, CA","Stanislaus County, CA (06099)"
Metropolitan Area,33740,"Monroe, LA","Ouachita Parish, LA (22073); Union Parish, LA (22111)"
Metropolitan Area,33780,"Monroe, MI","Monroe County, MI (26115)"
Metropolitan Area,33860,"Montgomery, AL","Autauga County, AL (01001); Elmore County, AL (01051); Lowndes County, AL (01085); Montgomery County, AL (01101)"
Metropolitan Area,34060,"Morgantown, WV","Monongalia County, WV (54061); Preston County, WV (54077)"
Metropolitan Area,34100,"Morristown, TN","Grainger County, TN (47057); Hamblen County, TN (47063); Jefferson County, TN (47089)"
Metropolitan Area,34580,"Mount Vernon-Anacortes, WA","Skagit County, WA (53057)"
Metropolitan Area,34620,"Muncie, IN","Delaware County, IN (18035)"
Metropolitan Area,34740,"Muskegon-Norton Shores, MI","Muskegon County, MI (26121)"
Metropolitan Area,34820,"Myrtle Beach-North Myrtle Beach-Conway, SC","Horry County, SC (45051)"
Metropolitan Area,34900,"Napa, CA","Napa County, CA (06055)"
Metropolitan Area,34940,"Naples-Marco Island, FL","Collier County, FL (12021)"
Metropolitan Area,34980,"Nashville-Davidson--Murfreesboro--Franklin, TN","Cannon County, TN (47015); Cheatham County, TN (47021); Davidson County, TN (47037); Dickson County, TN (47043); Hickman County, TN (47081); Macon County, TN (47111); Robertson County, TN (47147); Rutherford County, TN (47149); Smith County, TN (47159); Sumner County, TN (47165); Trousdale County, TN (47169); Williamson County, TN (47187); Wilson County, TN (47189)"
Metropolitan Area,35300,"New Haven-Milford, CT","New Haven County, CT (09009)"
Metropolitan Area,35380,"New Orleans-Metairie-Kenner, LA","Jefferson Parish, LA (22051); Orleans Parish, LA (22071); Plaquemines Parish, LA (22075); St. Bernard Parish, LA (22087); St. Charles Parish, LA (22089); St. John the Baptist Parish, LA (22095); St. Tammany Parish, LA (22103)"
Metropolitan Area,35620,"New York-Northern New Jersey-Long Island, NY-NJ-PA","Bergen County, NJ (34003); Essex County, NJ (34013); Hudson County, NJ (34017); Hunterdon County, NJ (34019); Middlesex County, NJ (34023); Monmouth County, NJ (34025); Morris County, NJ (34027); Ocean County, NJ (34029); Passaic County, NJ (34031); Somerset County, NJ (34035); Sussex County, NJ (34037); Union County, NJ (34039); Bronx County, NY (36005); Kings County, NY (36047); Nassau County, NY (36059); New York County, NY (36061); Putnam County, NY (36079); Queens County, NY (36081); Richmond County, NY (36085); Rockland County, NY (36087); Suffolk County, NY (36103); Westchester County, NY (36119); Pike County, PA (42103)"
Metropolitan Area,35660,"Niles-Benton Harbor, MI","Berrien County, MI (26021)"
Metropolitan Area,35840,"North Port-Bradenton-Sarasota, FL","Manatee County, FL (12081); Sarasota County, FL (12115)"
Metropolitan Area,35980,"Norwich-New London, CT","New London County, CT (09011)"
Metropolitan Area,36100,"Ocala, FL","Marion County, FL (12083)"
Metropolitan Area,36140,"Ocean City, NJ","Cape May County, NJ (34009)"
Metropolitan Area,36220,"Odessa, TX","Ector County, TX (48135)"
Metropolitan Area,36260,"Ogden-Clearfield, UT","Davis County, UT (49011); Morgan County, UT (49029); Weber County, UT (49057)"
Metropolitan Area,36420,"Oklahoma City, OK","Canadian County, OK (40017); Cleveland County, OK (40027); Grady County, OK (40051); Lincoln County, OK (40081); Logan County, OK (40083); McClain County, OK (40087); Oklahoma County, OK (40109)"
Metropolitan Area,36500,"Olympia, WA","Thurston County, WA (53067)"
Metropolitan Area,36540,"Omaha-Council Bluffs, NE-IA","Harrison County, IA (19085); Mills County, IA (19129); Pottawattamie County, IA (19155); Cass County, NE (31025); Douglas County, NE (31055); Sarpy County, NE (31153); Saunders County, NE (31155); Washington County, NE (31177)"
Metropolitan Area,36740,"Orlando-Kissimmee-Sanford, FL","Lake County, FL (12069); Orange County, FL (12095); Osceola County, FL (12097); Seminole County, FL (12117)"
Metropolitan Area,36780,"Oshkosh-Neenah, WI","Winnebago County, WI (55139)"
Metropolitan Area,36980,"Owensboro, KY","Daviess County, KY (21059); Hancock County, KY (21091); McLean County, KY (21149)"
Metropolitan Area,37100,"Oxnard-Thousand Oaks-Ventura, CA","Ventura County, CA (06111)"
Metropolitan Area,37340,"Palm Bay-Melbourne-Titusville, FL","Brevard County, FL (12009)"
Metropolitan Area,37380,"Palm Coast, FL","Flagler County, FL (12035)"
Metropolitan Area,37460,"Panama City-Lynn Haven-Panama City Beach, FL","Bay County, FL (12005)"
Metropolitan Area,37620,"Parkersburg-Marietta-Vienna, WV-OH","Washington County, OH (39167); Pleasants County, WV (54073); Wirt County, WV (54105); Wood County, WV (54107)"
Metropolitan Area,37700,"Pascagoula, MS","George County, MS (28039); Jackson County, MS (28059)"
Metropolitan Area,37860,"Pensacola-Ferry Pass-Brent, FL","Escambia County, FL (12033); Santa Rosa County, FL (12113)"
Metropolitan Area,37900,"Peoria, IL","Marshall County, IL (17123); Peoria County, IL (17143); Stark County, IL (17175); Tazewell County, IL (17179); Woodford County, IL (17203)"
Metropolitan Area,37980,"Philadelphia-Camden-Wilmington, PA-NJ-DE-MD","New Castle County, DE (10003); Cecil County, MD (24015); Burlington County, NJ (34005); Camden County, NJ (34007); Gloucester County, NJ (34015); Salem County, NJ (34033); Bucks County, PA (42017); Chester County, PA (42029); Delaware County, PA (42045); Montgomery County, PA (42091); Philadelphia County, PA (42101)"
Metropolitan Area,38060,"Phoenix-Mesa-Glendale, AZ","Maricopa County, AZ (04013); Pinal County, AZ (04021)"
Metropolitan Area,38220,"Pine Bluff, AR","Cleveland County, AR (05025); Jefferson County, AR (05069); Lincoln County, AR (05079)"
Metropolitan Area,38300,"Pittsburgh, PA","Allegheny County, PA (42003); Armstrong County, PA (42005); Beaver County, PA (42007); Butler County, PA (42019); Fayette County, PA (42051); Washington County, PA (42125); Westmoreland County, PA (42129)"
Metropolitan Area,38340,"Pittsfield, MA","Berkshire County, MA (25003)"
Metropolitan Area,38540,"Pocatello, ID","Bannock County, ID (16005); Power County, ID (16077)"
Metropolitan Area,38660,"Ponce, PR","Juana D�az Municipio, PR (72075); Ponce Municipio, PR (72113); Villalba Municipio, PR (72149)"
Metropolitan Area,38860,"Portland-South Portland-Biddeford, ME","Cumberland County, ME (23005); Sagadahoc County, ME (23023); York County, ME (23031)"
Metropolitan Area,38900,"Portland-Vancouver-Hillsboro, OR-WA","Clackamas County, OR (41005); Columbia County, OR (41009); Multnomah County, OR (41051); Washington County, OR (41067); Yamhill County, OR (41071); Clark County, WA (53011); Skamania County, WA (53059)"
Metropolitan Area,38940,"Port St. Lucie, FL","Martin County, FL (12085); St. Lucie County, FL (12111)"
Metropolitan Area,39100,"Poughkeepsie-Newburgh-Middletown, NY","Dutchess County, NY (36027); Orange County, NY (36071)"
Metropolitan Area,39140,"Prescott, AZ","Yavapai County, AZ (04025)"
Metropolitan Area,39300,"Providence-New Bedford-Fall River, RI-MA","Bristol County, MA (25005); Bristol County, RI (44001); Kent County, RI (44003); Newport County, RI (44005); Providence County, RI (44007); Washington County, RI (44009)"
Metropolitan Area,39340,"Provo-Orem, UT","Juab County, UT (49023); Utah County, UT (49049)"
Metropolitan Area,39380,"Pueblo, CO","Pueblo County, CO (08101)"
Metropolitan Area,39460,"Punta Gorda, FL","Charlotte County, FL (12015)"
Metropolitan Area,39540,"Racine, WI","Racine County, WI (55101)"
Metropolitan Area,39580,"Raleigh-Cary, NC","Franklin County, NC (37069); Johnston County, NC (37101); Wake County, NC (37183)"
Metropolitan Area,39660,"Rapid City, SD","Meade County, SD (46093); Pennington County, SD (46103)"
Metropolitan Area,39740,"Reading, PA","Berks County, PA (42011)"
Metropolitan Area,39820,"Redding, CA","Shasta County, CA (06089)"
Metropolitan Area,39900,"Reno-Sparks, NV","Storey County, NV (32029); Washoe County, NV (32031)"
Metropolitan Area,40060,"Richmond, VA","Amelia County, VA (51007); Caroline County, VA (51033); Charles City County, VA (51036); Chesterfield County, VA (51041); Cumberland County, VA (51049); Dinwiddie County, VA (51053); Goochland County, VA (51075); Hanover County, VA (51085); Henrico County, VA (51087); King and Queen County, VA (51097); King William County, VA (51101); Louisa County, VA (51109); New Kent County, VA (51127); Powhatan County, VA (51145); Prince George County, VA (51149); Sussex County, VA (51183); Colonial Heights city, VA (51570); Hopewell city, VA (51670); Petersburg city, VA (51730); Richmond city, VA (51760)"
Metropolitan Area,40140,"Riverside-San Bernardino-Ontario, CA","Riverside County, CA (06065); San Bernardino County, CA (06071)"
Metropolitan Area,40220,"Roanoke, VA","Botetourt County, VA (51023); Craig County, VA (51045); Franklin County, VA (51067); Roanoke County, VA (51161); Roanoke city, VA (51770); Salem city, VA (51775)"
Metropolitan Area,40340,"Rochester, MN","Dodge County, MN (27039); Olmsted County, MN (27109); Wabasha County, MN (27157)"
Metropolitan Area,40380,"Rochester, NY","Livingston County, NY (36051); Monroe County, NY (36055); Ontario County, NY (36069); Orleans County, NY (36073); Wayne County, NY (36117)"
Metropolitan Area,40420,"Rockford, IL","Boone County, IL (17007); Winnebago County, IL (17201)"
Metropolitan Area,40580,"Rocky Mount, NC","Edgecombe County, NC (37065); Nash County, NC (37127)"
Metropolitan Area,40660,"Rome, GA","Floyd County, GA (13115)"
Metropolitan Area,40900,"Sacramento--Arden-Arcade--Roseville, CA","El Dorado County, CA (06017); Placer County, CA (06061); Sacramento County, CA (06067); Yolo County, CA (06113)"
Metropolitan Area,40980,"Saginaw-Saginaw Township North, MI","Saginaw County, MI (26145)"
Metropolitan Area,41060,"St. Cloud, MN","Benton County, MN (27009); Stearns County, MN (27145)"
Metropolitan Area,41100,"St. George, UT","Washington County, UT (49053)"
Metropolitan Area,41140,"St. Joseph, MO-KS","Doniphan County, KS (20043); Andrew County, MO (29003); Buchanan County, MO (29021); DeKalb County, MO (29063)"
Metropolitan Area,41180,"St. Louis, MO-IL","Bond County, IL (17005); Calhoun County, IL (17013); Clinton County, IL (17027); Jersey County, IL (17083); Macoupin County, IL (17117); Madison County, IL (17119); Monroe County, IL (17133); St. Clair County, IL (17163); Franklin County, MO (29071); Jefferson County, MO (29099); Lincoln County, MO (29113); St. Charles County, MO (29183); St. Louis County, MO (29189); Warren County, MO (29219); Washington County, MO (29221); St. Louis city, MO (29510)"
Metropolitan Area,41420,"Salem, OR","Marion County, OR (41047); Polk County, OR (41053)"
Metropolitan Area,41500,"Salinas, CA","Monterey County, CA (06053)"
Metropolitan Area,41540,"Salisbury, MD","Somerset County, MD (24039); Wicomico County, MD (24045)"
Metropolitan Area,41620,"Salt Lake City, UT","Salt Lake County, UT (49035); Summit County, UT (49043); Tooele County, UT (49045)"
Metropolitan Area,41660,"San Angelo, TX","Irion County, TX (48235); Tom Green County, TX (48451)"
Metropolitan Area,41700,"San Antonio-New Braunfels, TX","Atascosa County, TX (48013); Bandera County, TX (48019); Bexar County, TX (48029); Comal County, TX (48091); Guadalupe County, TX (48187); Kendall County, TX (48259); Medina County, TX (48325); Wilson County, TX (48493)"
Metropolitan Area,41740,"San Diego-Carlsbad-San Marcos, CA","San Diego County, CA (06073)"
Metropolitan Area,41780,"Sandusky, OH","Erie County, OH (39043)"
Metropolitan Area,41860,"San Francisco-Oakland-Fremont, CA","Alameda County, CA (06001); Contra Costa County, CA (06013); Marin County, CA (06041); San Francisco County, CA (06075); San Mateo County, CA (06081)"
Metropolitan Area,41900,"San Germ�n-Cabo Rojo, PR","Cabo Rojo Municipio, PR (72023); Lajas Municipio, PR (72079); Sabana Grande Municipio, PR (72121); San Germ�n Municipio, PR (72125)"
Metropolitan Area,41940,"San Jose-Sunnyvale-Santa Clara, CA","San Benito County, CA (06069); Santa Clara County, CA (06085)"
Metropolitan Area,41980,"San Juan-Caguas-Guaynabo, PR","Aguas Buenas Municipio, PR (72007); Aibonito Municipio, PR (72009); Arecibo Municipio, PR (72013); Barceloneta Municipio, PR (72017); Barranquitas Municipio, PR (72019); Bayam�n Municipio, PR (72021); Caguas Municipio, PR (72025); Camuy Municipio, PR (72027); Can�vanas Municipio, PR (72029); Carolina Municipio, PR (72031); Cata�o Municipio, PR (72033); Cayey Municipio, PR (72035); Ciales Municipio, PR (72039); Cidra Municipio, PR (72041); Comer�o Municipio, PR (72045); Corozal Municipio, PR (72047); Dorado Municipio, PR (72051); Florida Municipio, PR (72054); Guaynabo Municipio, PR (72061); Gurabo Municipio, PR (72063); Hatillo Municipio, PR (72065); Humacao Municipio, PR (72069); Juncos Municipio, PR (72077); Las Piedras Municipio, PR (72085); Lo�za Municipio, PR (72087); Manat� Municipio, PR (72091); Maunabo Municipio, PR (72095); Morovis Municipio, PR (72101); Naguabo Municipio, PR (72103); Naranjito Municipio, PR (72105); Orocovis Municipio, PR (72107); Quebradillas Municipio, PR (72115); R�o Grande Municipio, PR (72119); San Juan Municipio, PR (72127); San Lorenzo Municipio, PR (72129); Toa Alta Municipio, PR (72135); Toa Baja Municipio, PR (72137); Trujillo Alto Municipio, PR (72139); Vega Alta Municipio, PR (72143); Vega Baja Municipio, PR (72145); Yabucoa Municipio, PR (72151)"
Metropolitan Area,42020,"San Luis Obispo-Paso Robles, CA","San Luis Obispo County, CA (06079)"
Metropolitan Area,42060,"Santa Barbara-Santa Maria-Goleta, CA","Santa Barbara County, CA (06083)"
Metropolitan Area,42100,"Santa Cruz-Watsonville, CA","Santa Cruz County, CA (06087)"
Metropolitan Area,42140,"Santa Fe, NM","Santa Fe County, NM (35049)"
Metropolitan Area,42220,"Santa Rosa-Petaluma, CA","Sonoma County, CA (06097)"
Metropolitan Area,42340,"Savannah, GA","Bryan County, GA (13029); Chatham County, GA (13051); Effingham County, GA (13103)"
Metropolitan Area,42540,"Scranton--Wilkes-Barre, PA","Lackawanna County, PA (42069); Luzerne County, PA (42079); Wyoming County, PA (42131)"
Metropolitan Area,42660,"Seattle-Tacoma-Bellevue, WA","King County, WA (53033); Pierce County, WA (53053); Snohomish County, WA (53061)"
Metropolitan Area,42680,"Sebastian-Vero Beach, FL","Indian River County, FL (12061)"
Metropolitan Area,43100,"Sheboygan, WI","Sheboygan County, WI (55117)"
Metropolitan Area,43300,"Sherman-Denison, TX","Grayson County, TX (48181)"
Metropolitan Area,43340,"Shreveport-Bossier City, LA","Bossier Parish, LA (22015); Caddo Parish, LA (22017); De Soto Parish, LA (22031)"
Metropolitan Area,43580,"Sioux City, IA-NE-SD","Woodbury County, IA (19193); Dakota County, NE (31043); Dixon County, NE (31051); Union County, SD (46127)"
Metropolitan Area,43620,"Sioux Falls, SD","Lincoln County, SD (46083); McCook County, SD (46087); Minnehaha County, SD (46099); Turner County, SD (46125)"
Metropolitan Area,43780,"South Bend-Mishawaka, IN-MI","St. Joseph County, IN (18141); Cass County, MI (26027)"
Metropolitan Area,43900,"Spartanburg, SC","Spartanburg County, SC (45083)"
Metropolitan Area,44060,"Spokane, WA","Spokane County, WA (53063)"
Metropolitan Area,44100,"Springfield, IL","Menard County, IL (17129); Sangamon County, IL (17167)"
Metropolitan Area,44140,"Springfield, MA","Franklin County, MA (25011); Hampden County, MA (25013); Hampshire County, MA (25015)"
Metropolitan Area,44180,"Springfield, MO","Christian County, MO (29043); Dallas County, MO (29059); Greene County, MO (29077); Polk County, MO (29167); Webster County, MO (29225)"
Metropolitan Area,44220,"Springfield, OH","Clark County, OH (39023)"
Metropolitan Area,44300,"State College, PA","Centre County, PA (42027)"
Metropolitan Area,44600,"Steubenville-Weirton, OH-WV","Jefferson County, OH (39081); Brooke County, WV (54009); Hancock County, WV (54029)"
Metropolitan Area,44700,"Stockton, CA","San Joaquin County, CA (06077)"
Metropolitan Area,44940,"Sumter, SC","Sumter County, SC (45085)"
Metropolitan Area,45060,"Syracuse, NY","Madison County, NY (36053); Onondaga County, NY (36067); Oswego County, NY (36075)"
Metropolitan Area,45220,"Tallahassee, FL","Gadsden County, FL (12039); Jefferson County, FL (12065); Leon County, FL (12073); Wakulla County, FL (12129)"
Metropolitan Area,45300,"Tampa-St. Petersburg-Clearwater, FL","Hernando County, FL (12053); Hillsborough County, FL (12057); Pasco County, FL (12101); Pinellas County, FL (12103)"
Metropolitan Area,45460,"Terre Haute, IN","Clay County, IN (18021); Sullivan County, IN (18153); Vermillion County, IN (18165); Vigo County, IN (18167)"
Metropolitan Area,45500,"Texarkana, TX-Texarkana, AR","Miller County, AR (05091); Bowie County, TX (48037)"
Metropolitan Area,45780,"Toledo, OH","Fulton County, OH (39051); Lucas County, OH (39095); Ottawa County, OH (39123); Wood County, OH (39173)"
Metropolitan Area,45820,"Topeka, KS","Jackson County, KS (20085); Jefferson County, KS (20087); Osage County, KS (20139); Shawnee County, KS (20177); Wabaunsee County, KS (20197)"
Metropolitan Area,45940,"Trenton-Ewing, NJ","Mercer County, NJ (34021)"
Metropolitan Area,46060,"Tucson, AZ","Pima County, AZ (04019)"
Metropolitan Area,46140,"Tulsa, OK","Creek County, OK (40037); Okmulgee County, OK (40111); Osage County, OK (40113); Pawnee County, OK (40117); Rogers County, OK (40131); Tulsa County, OK (40143); Wagoner County, OK (40145)"
Metropolitan Area,46220,"Tuscaloosa, AL","Greene County, AL (01063); Hale County, AL (01065); Tuscaloosa County, AL (01125)"
Metropolitan Area,46340,"Tyler, TX","Smith County, TX (48423)"
Metropolitan Area,46540,"Utica-Rome, NY","Herkimer County, NY (36043); Oneida County, NY (36065)"
Metropolitan Area,46660,"Valdosta, GA","Brooks County, GA (13027); Echols County, GA (13101); Lanier County, GA (13173); Lowndes County, GA (13185)"
Metropolitan Area,46700,"Vallejo-Fairfield, CA","Solano County, CA (06095)"
Metropolitan Area,47020,"Victoria, TX","Calhoun County, TX (48057); Goliad County, TX (48175); Victoria County, TX (48469)"
Metropolitan Area,47220,"Vineland-Millville-Bridgeton, NJ","Cumberland County, NJ (34011)"
Metropolitan Area,47260,"Virginia Beach-Norfolk-Newport News, VA-NC","Currituck County, NC (37053); Gloucester County, VA (51073); Isle of Wight County, VA (51093); James City County, VA (51095); Mathews County, VA (51115); Surry County, VA (51181); York County, VA (51199); Chesapeake city, VA (51550); Hampton city, VA (51650); Newport News city, VA (51700); Norfolk city, VA (51710); Poquoson city, VA (51735); Portsmouth city, VA (51740); Suffolk city, VA (51800); Virginia Beach city, VA (51810); Williamsburg city, VA (51830)"
Metropolitan Area,47300,"Visalia-Porterville, CA","Tulare County, CA (06107)"
Metropolitan Area,47380,"Waco, TX","McLennan County, TX (48309)"
Metropolitan Area,47580,"Warner Robins, GA","Houston County, GA (13153)"
Metropolitan Area,47900,"Washington-Arlington-Alexandria, DC-VA-MD-WV","District of Columbia, DC (11001); Calvert County, MD (24009); Charles County, MD (24017); Frederick County, MD (24021); Montgomery County, MD (24031); Prince George's County, MD (24033); Arlington County, VA (51013); Clarke County, VA (51043); Fairfax County, VA (51059); Fauquier County, VA (51061); Loudoun County, VA (51107); Prince William County, VA (51153); Spotsylvania County, VA (51177); Stafford County, VA (51179); Warren County, VA (51187); Alexandria city, VA (51510); Fairfax city, VA (51600); Falls Church city, VA (51610); Fredericksburg city, VA (51630); Manassas city, VA (51683); Manassas Park city, VA (51685); Jefferson County, WV (54037)"
Metropolitan Area,47940,"Waterloo-Cedar Falls, IA","Black Hawk County, IA (19013); Bremer County, IA (19017); Grundy County, IA (19075)"
Metropolitan Area,48140,"Wausau, WI","Marathon County, WI (55073)"
Metropolitan Area,48300,"Wenatchee-East Wenatchee, WA","Chelan County, WA (53007); Douglas County, WA (53017)"
Metropolitan Area,48540,"Wheeling, WV-OH","Belmont County, OH (39013); Marshall County, WV (54051); Ohio County, WV (54069)"
Metropolitan Area,48620,"Wichita, KS","Butler County, KS (20015); Harvey County, KS (20079); Sedgwick County, KS (20173); Sumner County, KS (20191)"
Metropolitan Area,48660,"Wichita Falls, TX","Archer County, TX (48009); Clay County, TX (48077); Wichita County, TX (48485)"
Metropolitan Area,48700,"Williamsport, PA","Lycoming County, PA (42081)"
Metropolitan Area,48900,"Wilmington, NC","Brunswick County, NC (37019); New Hanover County, NC (37129); Pender County, NC (37141)"
Metropolitan Area,49020,"Winchester, VA-WV","Frederick County, VA (51069); Winchester city, VA (51840); Hampshire County, WV (54027)"
Metropolitan Area,49180,"Winston-Salem, NC","Davie County, NC (37059); Forsyth County, NC (37067); Stokes County, NC (37169); Yadkin County, NC (37197)"
Metropolitan Area,49340,"Worcester, MA","Worcester County, MA (25027)"
Metropolitan Area,49420,"Yakima, WA","Yakima County, WA (53077)"
Metropolitan Area,49500,"Yauco, PR","Gu�nica Municipio, PR (72055); Guayanilla Municipio, PR (72059); Pe�uelas Municipio, PR (72111); Yauco Municipio, PR (72153)"
Metropolitan Area,49620,"York-Hanover, PA","York County, PA (42133)"
Metropolitan Area,49660,"Youngstown-Warren-Boardman, OH-PA","Mahoning County, OH (39099); Trumbull County, OH (39155); Mercer County, PA (42085)"
Metropolitan Area,49700,"Yuba City, CA","Sutter County, CA (06101); Yuba County, CA (06115)"
Metropolitan Area,49740,"Yuma, AZ","Yuma County, AZ (04027)"
